http://www.gaokao.com/neimenggu/fsx/,内蒙古
http://www.gaokao.com/beijing/fsx/,北京
http://www.gaokao.com/tianjin/fsx/,天津
http://www.gaokao.com/jiangsu/fsx/,江苏
http://www.gaokao.com/zhejiang/fsx/,浙江
http://www.gaokao.com/chongqing/fsx/,重庆
http://www.gaokao.com/shanghai/fsx/,上海
http://www.gaokao.com/guangdong/fsx/,广东
http://www.gaokao.com/shandong/fsx/,山东
http://www.gaokao.com/hubei/fsx/,湖北
http://www.gaokao.com/hunan/fsx/,湖南
http://www.gaokao.com/shanxi/fsx/,陕西
http://www.gaokao.com/sx/fsx/,山西
http://www.gaokao.com/sichuan/fsx/,四川
http://www.gaokao.com/fujian/fsx/,福建
http://www.gaokao.com/anhui/fsx/,安徽
http://www.gaokao.com/liaoning/fsx/,辽宁
http://www.gaokao.com/jiangxi/fsx/,江西
http://www.gaokao.com/hainan/fsx/,海南
http://www.gaokao.com/ningxia/fsx/,宁夏
http://www.gaokao.com/jilin/fsx/,吉林
http://www.gaokao.com/yunnan/fsx/,云南
http://www.gaokao.com/guangxi/fsx/,广西
http://www.gaokao.com/guizhou/fsx/,贵州
http://www.gaokao.com/qinghai/fsx/,青海
http://www.gaokao.com/gansu/fsx/,甘肃
http://www.gaokao.com/hebei/fsx/,河北
http://www.gaokao.com/henan/fsx/,河南
http://www.gaokao.com/xinjiang/fsx/,新疆
http://www.gaokao.com/xizang/fsx/,西藏
http://www.gaokao.com/heilongjiang/fsx/,黑龙江
http://www.gaokao.com/neimenggu/fsx/,内蒙古
http://www.gaokao.com/beijing/fsx/,北京
http://www.gaokao.com/tianjin/fsx/,天津
http://www.gaokao.com/jiangsu/fsx/,江苏
http://www.gaokao.com/zhejiang/fsx/,浙江
http://www.gaokao.com/chongqing/fsx/,重庆
http://www.gaokao.com/shanghai/fsx/,上海
http://www.gaokao.com/guangdong/fsx/,广东
http://www.gaokao.com/shandong/fsx/,山东
http://www.gaokao.com/hubei/fsx/,湖北
http://www.gaokao.com/hunan/fsx/,湖南
http://www.gaokao.com/shanxi/fsx/,陕西
http://www.gaokao.com/sx/fsx/,山西
http://www.gaokao.com/sichuan/fsx/,四川
http://www.gaokao.com/fujian/fsx/,福建
http://www.gaokao.com/anhui/fsx/,安徽
http://www.gaokao.com/liaoning/fsx/,辽宁
http://www.gaokao.com/jiangxi/fsx/,江西
http://www.gaokao.com/hainan/fsx/,海南
http://www.gaokao.com/ningxia/fsx/,宁夏
http://www.gaokao.com/jilin/fsx/,吉林
http://www.gaokao.com/yunnan/fsx/,云南
http://www.gaokao.com/guangxi/fsx/,广西
http://www.gaokao.com/guizhou/fsx/,贵州
http://www.gaokao.com/qinghai/fsx/,青海
http://www.gaokao.com/gansu/fsx/,甘肃
http://www.gaokao.com/hebei/fsx/,河北
http://www.gaokao.com/henan/fsx/,河南
http://www.gaokao.com/xinjiang/fsx/,新疆
http://www.gaokao.com/xizang/fsx/,西藏
http://www.gaokao.com/heilongjiang/fsx/,黑龙江
http://www.gaokao.com/neimenggu/fsx/,内蒙古
